"id","fqdn/ip","port","severity","finding","cve","cwe"
"service","mesdroitssociaux.gouv.fr/81.80.42.167","443","INFO","HTTP","",""
"pre_128cipher","mesdroitssociaux.gouv.fr/81.80.42.167","443","INFO","No 128 cipher limit bug","",""
"SSLv2","mesdroitssociaux.gouv.fr/81.80.42.167","443","OK","not offered","",""
"SSLv3","mesdroitssociaux.gouv.fr/81.80.42.167","443","OK","not offered","",""
"TLS1","mesdroitssociaux.gouv.fr/81.80.42.167","443","INFO","not offered","",""
"TLS1_1","mesdroitssociaux.gouv.fr/81.80.42.167","443","INFO","not offered","",""
"TLS1_2","mesdroitssociaux.gouv.fr/81.80.42.167","443","OK","offered","",""
"TLS1_3","mesdroitssociaux.gouv.fr/81.80.42.167","443","OK","offered with final","",""
"ALPN_HTTP2","mesdroitssociaux.gouv.fr/81.80.42.167","443","OK","h2","",""
"ALPN","mesdroitssociaux.gouv.fr/81.80.42.167","443","INFO","http/1.1","",""
"cipherlist_NULL","mesdroitssociaux.gouv.fr/81.80.42.167","443","OK","not offered","","CWE-327"
"cipherlist_aNULL","mesdroitssociaux.gouv.fr/81.80.42.167","443","OK","not offered","","CWE-327"
"cipherlist_EXPORT","mesdroitssociaux.gouv.fr/81.80.42.167","443","OK","not offered","","CWE-327"
"cipherlist_LOW","mesdroitssociaux.gouv.fr/81.80.42.167","443","OK","not offered","","CWE-327"
"cipherlist_3DES_IDEA","mesdroitssociaux.gouv.fr/81.80.42.167","443","INFO","not offered","","CWE-310"
"cipherlist_OBSOLETED","mesdroitssociaux.gouv.fr/81.80.42.167","443","INFO","not offered","","CWE-310"
"cipherlist_STRONG_NOFS","mesdroitssociaux.gouv.fr/81.80.42.167","443","INFO","not offered","",""
"cipherlist_STRONG_FS","mesdroitssociaux.gouv.fr/81.80.42.167","443","OK","offered","",""
"cipher_order-tls1_2","mesdroitssociaux.gouv.fr/81.80.42.167","443","OK","server","",""
"cipherorder_TLSv1_2","mesdroitssociaux.gouv.fr/81.80.42.167","443","INFO","ECDHE-RSA-AES128-GCM-SHA256","",""
"cipher_order","mesdroitssociaux.gouv.fr/81.80.42.167","443","OK","server","",""
"FS","mesdroitssociaux.gouv.fr/81.80.42.167","443","OK","offered","",""
"FS_ciphers","mesdroitssociaux.gouv.fr/81.80.42.167","443","INFO","DHE-RSA-AES128-GCM-SHA256 DHE-RSA-AES256-GCM-SHA384 ECDHE-RSA-AES128-GCM-SHA256 ECDHE-RSA-AES256-GCM-SHA384","",""
"FS_ECDHE_curves","mesdroitssociaux.gouv.fr/81.80.42.167","443","OK","prime256v1 secp384r1 secp521r1","",""
"TLS_extensions","mesdroitssociaux.gouv.fr/81.80.42.167","443","INFO","'renegotiation info/#65281' 'server name/#0' 'EC point formats/#11' 'session ticket/#35' 'supported versions/#43' 'key share/#51' 'supported_groups/#10' 'max fragment length/#1' 'application layer protocol negotiation/#16' 'extended master secret/#23'","",""
"TLS_session_ticket","mesdroitssociaux.gouv.fr/81.80.42.167","443","INFO","valid for 300 seconds only (<daily)","",""
"SSL_sessionID_support","mesdroitssociaux.gouv.fr/81.80.42.167","443","INFO","yes","",""
"sessionresumption_ticket","mesdroitssociaux.gouv.fr/81.80.42.167","443","INFO","supported","",""
"sessionresumption_ID","mesdroitssociaux.gouv.fr/81.80.42.167","443","INFO","supported","",""
"TLS_timestamp","mesdroitssociaux.gouv.fr/81.80.42.167","443","INFO","random","",""
"certificate_compression","mesdroitssociaux.gouv.fr/81.80.42.167","443","INFO","none","",""
"clientAuth","mesdroitssociaux.gouv.fr/81.80.42.167","443","INFO","none","",""
"cert_numbers","mesdroitssociaux.gouv.fr/81.80.42.167","443","INFO","1","",""
"cert_signatureAlgorithm","mesdroitssociaux.gouv.fr/81.80.42.167","443","OK","SHA256 with RSA","",""
"cert_keySize","mesdroitssociaux.gouv.fr/81.80.42.167","443","INFO","RSA 2048 bits (exponent is 65537)","",""
"cert_keyUsage","mesdroitssociaux.gouv.fr/81.80.42.167","443","INFO","Digital Signature, Key Encipherment","",""
"cert_extKeyUsage","mesdroitssociaux.gouv.fr/81.80.42.167","443","INFO","TLS Web Server Authentication","",""
"cert_serialNumber","mesdroitssociaux.gouv.fr/81.80.42.167","443","INFO","F92104A216212D1663079E380BEE8286","",""
"cert_serialNumberLen","mesdroitssociaux.gouv.fr/81.80.42.167","443","INFO","16","",""
"cert_fingerprintSHA1","mesdroitssociaux.gouv.fr/81.80.42.167","443","INFO","FFF493711895FCFA67D675AAFCC141023C2248B6","",""
"cert_fingerprintSHA256","mesdroitssociaux.gouv.fr/81.80.42.167","443","INFO","6665889BEE3970C423FCF0EB92EDAF8774612DFE19E20DC08788E2A1DE87FF4A","",""
"cert","mesdroitssociaux.gouv.fr/81.80.42.167","443","INFO","-----BEGIN CERTIFICATE-----\nMIIIkzCCBnugAwIBAgIRAPkhBKIWIS0WYweeOAvugoYwDQYJKoZIhvcNAQELBQAwfTELMAkGA1UEBhMCRlIxEjAQBgNVBAoMCURISU1ZT1RJUzEcMBoGA1UECwwTMDAwMiA0ODE0NjMwODEwMDAzNjEdMBsGA1UEYQwUTlRSRlItNDgxNDYzMDgxMDAwMzYxHTAbBgNVBAMMFENlcnRpZ25hIFNlcnZpY2VzIENBMB4XDTI0MDMyNDIzMDAwMFoXDTI0MTIwNjIyNTk1OVowgZwxCzAJBgNVBAYTAkZSMQ4wDAYDVQQHDAVQQVJJUzFBMD8GA1UECgw4U0VDUkVUQVJJQVQgR0VORVJBTCBNSU5JU1RFUkVTIENIQVJHRVMgQUZGQUlSRVMgU09DSUFMRVMxJTAjBgNVBAMMHHd3dy5tZXNkcm9pdHNzb2NpYXV4LmdvdXYuZnIxEzARBgNVBAUTClMzMDQzNDM0NjcwggEiMA0GCSqGSIb3DQEBAQUAA4IBDwAwggEKAoIBAQC9h67qGrg6ud2Po8qtSUVxEj1l85np8dppoNY+r12nsRkzVxfWUprMyHk9L/RvOt5Z2iVNXamsUkqkjAYKEDtVxzdQK+09pk67OgSpmPfR1QEOSazIqAcOql/5q1ZkmQZODWETQySKsJtjG0dDdhQN4Vkt5JeRInEaAZQpljotzuJiVKNM8N3ORj6gK6s37+OI1jekdBf4JNENcudhio1QczFAQLOzy3nhJyd101zBjQM7sntTYsF140WqZo3TOY7k3UkoalhzD2IdVSMsqrgJkokvWr9rJ54KcJzaPJ4CZHXYTTXKDOEm1q/ak7DAawUCc9Nghy8a4gowGBvMtpgrAgMBAAGjggPsMIID6DCB5AYIKwYBBQUHAQEEgdcwgdQwOAYIKwYBBQUHMAKGLGh0dHA6Ly9hdXRvcml0ZS5kaGlteW90aXMuY29tL3NlcnZpY2VzY2EuZGVyMDYGCCsGAQUFBzAChipodHRwOi8vYXV0b3JpdGUuY2VydGlnbmEuZnIvc2VydmljZXNjYS5kZXIwLgYIKwYBBQUHMAGGImh0dHA6Ly9zZXJ2aWNlc2NhLm9jc3AuY2VydGlnbmEuZnIwMAYIKwYBBQUHMAGGJGh0dHA6Ly9zZXJ2aWNlc2NhLm9jc3AuZGhpbXlvdGlzLmNvbTAfBgNVHSMEGDAWgBSs7IaPSzccuH8XGxnQruhO4zRcEjAMBgNVHRMBAf8EAjAAMGEGA1UdIARaMFgwCAYGZ4EMAQICMEwGCyqBegGBMQIFAQEBMD0wOwYIKwYBBQUHAgEWL2h0dHBzOi8vd3d3LmNlcnRpZ25hLmNvbS9hdXRvcml0ZS1jZXJ0aWZpY2F0aW9uMGUGA1UdHwReMFwwLaAroCmGJ2h0dHA6Ly9jcmwuZGhpbXlvdGlzLmNvbS9zZXJ2aWNlc2NhLmNybDAroCmgJ4YlaHR0cDovL2NybC5jZXJ0aWduYS5mci9zZXJ2aWNlc2NhLmNybDATBgNVHSUEDDAKBggrBgEFBQcDATAOBgNVHQ8BAf8EBAMCBaAwQQYDVR0RBDowOIIYbWVzZHJvaXRzc29jaWF1eC5nb3V2LmZyghx3d3cubWVzZHJvaXRzc29jaWF1eC5nb3V2LmZyMB0GA1UdDgQWBBSC+QXydiiZVePhzHF5rXmmJD9hLjCCAX0GCisGAQQB1nkCBAIEggFtBIIBaQFnAHcAdv+IPwq2+5VRwmHM9Ye6NLSkzbsp3GhCCp/mZ0xaOnQAAAGOdTikKQAABAMASDBGAiEAzpfpakzG/UXzPEXbUH+SPA1Al2juCPMLsZYqgBrUJ/oCIQDHfhGbpy7GOyO+IzsJSwCAAu4IPeUHACiNnczPZDeu8AB1AO7N0GTV2xrOxVy3nbTNE6Iyh0Z8vOzew1FIWUZxH7WbAAABjnU4qe0AAAQDAEYwRAIgZTWCCjB+7IGyqeNqlBwSikciDVElrTwCt5PWw9Eu4TECICZ0P8sbtmQ9UYUkfx1a3REBu585FNSCqo0yDbM5ATh1AHUAVYHUwhaQNgFK6gubVzxT8MDkOHhwJQgXL6OqHQcT0wwAAAGOdTir1wAABAMARjBEAiBR4K2ABm0SkzDhqSYehg6eo38x16hOSB0ReAtudEzuFgIgRTJlXniZIIv+wghq7O/vSETu30xvzMZGO7/RnwsGfU8wDQYJKoZIhvcNAQELBQADggIBAG3O8HL9qqDXbd7JYLAjfeqQ6zPO2/hOzvyeeK2cB2O8MJvRnbbqcRaibMR/pn85LPBlVSWhZksWLTk9AdjWx1P+thYLZZqzo5ztE9Gy70dk9mydtEUArM/te3n18rZkYCAGAqgNLYIldf28rVJpWhE1qcGn1rOo/lMRtSRTJyx+wI/ymaP44sn1fvVizHMO2psUFDDcg52NKa0udICYtNAH5ZXA9DLM5hFAUuUWfKovID6wEIJ1ohqim3hi1mKBK3xTIHTSUpcT36AVKupO64AnJJBHURT1Awvi6asU4W04L7FzNODw2fAMGzqixjP9KGu2q5RU0+CJb4h6wIIcuxtikgrqMQfI/AzJ57w5Mq6qjMAEtdO2r9rGFDMWExfFO1NiU0WjPKMshaOyoCzlp+ckpjrZb7sWBtThhPWEr5rV65g5tDW62pnb/tLLyxU2Sm4o6GMNBI+tG3lqgC6fM0EV8khtdOag0qrIKgfb4nRqV0/QCMbVUTmBvQk+/zOReYTQS0gaRjhoXTzinkmnwsTnzgdjmiC/MZLaoadBpnVusiwKroNEEfuW1Db01yQMeVPMvpx3+aaxoxADJdXkbRt8vB+hg8O5rUFccM5hnzE3h5pKVhmPyOmSqGKRczYPDpO5uG2fI+2/HpYbIrok502oWOYIR/vkkCDL+5N6UF80\n-----END CERTIFICATE-----","",""
"cert_commonName","mesdroitssociaux.gouv.fr/81.80.42.167","443","OK","www.mesdroitssociaux.gouv.fr","",""
"cert_commonName_wo_SNI","mesdroitssociaux.gouv.fr/81.80.42.167","443","INFO","www.mesdroitssociaux.gouv.fr","",""
"cert_subjectAltName","mesdroitssociaux.gouv.fr/81.80.42.167","443","INFO","mesdroitssociaux.gouv.fr www.mesdroitssociaux.gouv.fr","",""
"cert_trust","mesdroitssociaux.gouv.fr/81.80.42.167","443","OK","Ok via SAN (same w/o SNI)","",""
"cert_chain_of_trust","mesdroitssociaux.gouv.fr/81.80.42.167","443","OK","passed.","",""
"cert_certificatePolicies_EV","mesdroitssociaux.gouv.fr/81.80.42.167","443","INFO","no","",""
"cert_expirationStatus","mesdroitssociaux.gouv.fr/81.80.42.167","443","OK","114 >= 60 days","",""
"cert_notBefore","mesdroitssociaux.gouv.fr/81.80.42.167","443","INFO","2024-03-24 23:00","",""
"cert_notAfter","mesdroitssociaux.gouv.fr/81.80.42.167","443","OK","2024-12-06 22:59","",""
"cert_extlifeSpan","mesdroitssociaux.gouv.fr/81.80.42.167","443","OK","certificate has no extended life time according to browser forum","",""
"cert_eTLS","mesdroitssociaux.gouv.fr/81.80.42.167","443","INFO","not present","",""
"cert_crlDistributionPoints","mesdroitssociaux.gouv.fr/81.80.42.167","443","INFO","http://crl.dhimyotis.com/servicesca.crl http://crl.certigna.fr/servicesca.crl","",""
"cert_ocspURL","mesdroitssociaux.gouv.fr/81.80.42.167","443","INFO","http://servicesca.ocsp.certigna.fr http://servicesca.ocsp.dhimyotis.com","",""
"OCSP_stapling","mesdroitssociaux.gouv.fr/81.80.42.167","443","LOW","not offered","",""
"cert_mustStapleExtension","mesdroitssociaux.gouv.fr/81.80.42.167","443","INFO","--","",""
"DNS_CAArecord","mesdroitssociaux.gouv.fr/81.80.42.167","443","LOW","--","",""
"certificate_transparency","mesdroitssociaux.gouv.fr/81.80.42.167","443","OK","yes (certificate extension)","",""
"certs_countServer","mesdroitssociaux.gouv.fr/81.80.42.167","443","INFO","2","",""
"certs_list_ordering_problem","mesdroitssociaux.gouv.fr/81.80.42.167","443","INFO","no","",""
"cert_caIssuers","mesdroitssociaux.gouv.fr/81.80.42.167","443","INFO","Certigna Services CA (DHIMYOTIS from FR)","",""
"intermediate_cert <#1>","mesdroitssociaux.gouv.fr/81.80.42.167","443","INFO","-----BEGIN CERTIFICATE-----\nMIIGFjCCBP6gAwIBAgIQb4L6KKzW94S7WxILqHNnrTANBgkqhkiG9w0BAQsFADA0MQswCQYDVQQGEwJGUjESMBAGA1UECgwJRGhpbXlvdGlzMREwDwYDVQQDDAhDZXJ0aWduYTAeFw0xNTExMjUxMTMzNTJaFw0yNTExMjIxMTMzNTJaMH0xCzAJBgNVBAYTAkZSMRIwEAYDVQQKDAlESElNWU9USVMxHDAaBgNVBAsMEzAwMDIgNDgxNDYzMDgxMDAwMzYxHTAbBgNVBGEMFE5UUkZSLTQ4MTQ2MzA4MTAwMDM2MR0wGwYDVQQDDBRDZXJ0aWduYSBTZXJ2aWNlcyBDQTCCAiIwDQYJKoZIhvcNAQEBBQADggIPADCCAgoCggIBALPM+7LpWBz9wFcPaTc3xnB+5g0XrnptB0EPPfrR04vO52Ykm4ky1d4ZLd10tbM1fa1RqNSOVWWg93O4pL7zCFKlz6JV74ZZVhHpEAwzBwv2oPnxvVbxtSN67xsSY66ahUYxjzs8+3FhmsiRxqwnTYvK2u70uglUvRisOKyTL/M6JnrC4y8tlmoz7OSa5BmBMVplJFQtvmON6N9aHLvYMz+EyJPCbXL6pELxeHjFT5QmIaRamsr2DOTaCjtBZKI1Wnh3X7lnbjM8MESJiV2t7E9tIQNG0Z/HI3tO4aaUMum3KysY5sC8v3vi7rryGidgzHQhrtP0ZXWW5UH/k7umLS/P/XXWnCFpc2Lxa1uDGfc2im7xibRoPP+JNZszN76euFlls6jyEXAiwnVr14tVVTewLK0OWs5SJHpEKp8PGMZRDj59EmMvokWwzL6QzNZ6vVAp00oOm05sbspNY9+MFqGKKUsKvhFGEa4XmRNxDe6KswLcjPZB+NKHZ0QWFd4ip5C5XmEK/8qIPjwVr9dah9+oiHGGO8Wx7gJAMF5DTmkvW7GhqCKj1LmHnabjzc8av6kxWVQZi/C7HCm9i/W4wio+JA2EAFLqNL3GPNbK9kau4yPhQt/c7zxzo0OHnlsV4THCG7oOCd3cfCiyfQcb3FBt6OSpaKRZxjCLBwP00r0fAgMBAAGjggHZMIIB1TASBgNVHRMBAf8ECDAGAQH/AgEAMA4GA1UdDwEB/wQEAwIBBjAdBgNVHQ4EFgQUrOyGj0s3HLh/FxsZ0K7oTuM0XBIwZAYDVR0jBF0wW4AUGu3+QTmQtCRZvgHyUtVF9lo53BGhOKQ2MDQxCzAJBgNVBAYTAkZSMRIwEAYDVQQKDAlEaGlteW90aXMxETAPBgNVBAMMCENlcnRpZ25hggkA/tzjAQ/JSP8wSQYDVR0gBEIwQDA+BgoqgXoBgTEBAAECMDAwLgYIKwYBBQUHAgEWImh0dHBzOi8vd3d3LmNlcnRpZ25hLmZyL2F1dG9yaXRlcy8wfAYIKwYBBQUHAQEEcDBuMDQGCCsGAQUFBzAChihodHRwOi8vYXV0b3JpdGUuY2VydGlnbmEuZnIvY2VydGlnbmEuZGVyMDYGCCsGAQUFBzAChipodHRwOi8vYXV0b3JpdGUuZGhpbXlvdGlzLmNvbS9jZXJ0aWduYS5kZXIwYQYDVR0fBFowWDApoCegJYYjaHR0cDovL2NybC5jZXJ0aWduYS5mci9jZXJ0aWduYS5jcmwwK6ApoCeGJWh0dHA6Ly9jcmwuZGhpbXlvdGlzLmNvbS9jZXJ0aWduYS5jcmwwDQYJKoZIhvcNAQELBQADggEBAGLft7gIuGPZVfg0cTM+HT2xAZFPDb/2+siH06x+dH044zMKbBINbRzhKipwB1A3MW8FQjveE9tyrfyuqZE/X+o2SlGcdNV44ybYkxo4f6kcLEavV/IW+oFEnojZlhpksYcxrvQoEyqkAwshe8IS2KtZHKVACrt+XSs0lwvy7ALGmHaF7A4by6cZWItA7Lhj8XWp+8tBJDj7HocRbWtxzEODdBuyMgJzFrNjc+97J0vH/K0+3yjmkczpKshMA0tM+MF9XDMN/MuwrPmUWGO/fHiqHgUp8yqeWtl1n44ZxkkK1t9GRwhnDWLv73/xhTmdhWYQ/reo0GbgBoLiltKmIJQ=\n-----END CERTIFICATE-----","",""
"intermediate_cert_fingerprintSHA256 <#1>","mesdroitssociaux.gouv.fr/81.80.42.167","443","INFO","71E653BFBF5E72515B4099BBD5EC8872812B47C6EC1FA9ADD327E1C92C9EA16D","",""
"intermediate_cert_notBefore <#1>","mesdroitssociaux.gouv.fr/81.80.42.167","443","INFO","2015-11-25 11:33","",""
"intermediate_cert_notAfter <#1>","mesdroitssociaux.gouv.fr/81.80.42.167","443","OK","2025-11-22 11:33","",""
"intermediate_cert_expiration <#1>","mesdroitssociaux.gouv.fr/81.80.42.167","443","OK","ok > 40 days","",""
"intermediate_cert_chain <#1>","mesdroitssociaux.gouv.fr/81.80.42.167","443","INFO","Certigna Services CA <-- Certigna","",""
"intermediate_cert_badOCSP","mesdroitssociaux.gouv.fr/81.80.42.167","443","OK","intermediate certificate(s) is/are ok","",""
"HTTP_status_code","mesdroitssociaux.gouv.fr/81.80.42.167","443","INFO","301 Moved Permanently ('/')","",""
"HTTP_clock_skew","mesdroitssociaux.gouv.fr/81.80.42.167","443","INFO","0 seconds from localtime","",""
"HTTP_headerTime","mesdroitssociaux.gouv.fr/81.80.42.167","443","INFO","1723640389","",""
"HSTS","mesdroitssociaux.gouv.fr/81.80.42.167","443","LOW","not offered","",""
"HPKP","mesdroitssociaux.gouv.fr/81.80.42.167","443","INFO","No support for HTTP Public Key Pinning","",""
"banner_server","mesdroitssociaux.gouv.fr/81.80.42.167","443","INFO","No Server banner line in header, interesting!","",""
"banner_application","mesdroitssociaux.gouv.fr/81.80.42.167","443","INFO","No application banner found","",""
"cookie_count","mesdroitssociaux.gouv.fr/81.80.42.167","443","INFO","0 at '/' (30x detected, better try target URL of 30x)","",""
"security_headers","mesdroitssociaux.gouv.fr/81.80.42.167","443","MEDIUM","--","",""
"banner_reverseproxy","mesdroitssociaux.gouv.fr/81.80.42.167","443","INFO","--","","CWE-200"
"heartbleed","mesdroitssociaux.gouv.fr/81.80.42.167","443","OK","not vulnerable, no heartbeat extension","CVE-2014-0160","CWE-119"
"CCS","mesdroitssociaux.gouv.fr/81.80.42.167","443","OK","not vulnerable","CVE-2014-0224","CWE-310"
"ticketbleed","mesdroitssociaux.gouv.fr/81.80.42.167","443","OK","not vulnerable","CVE-2016-9244","CWE-200"
"ROBOT","mesdroitssociaux.gouv.fr/81.80.42.167","443","OK","not vulnerable, no RSA key transport cipher","CVE-2017-17382 CVE-2017-17427 CVE-2017-17428 CVE-2017-13098 CVE-2017-1000385 CVE-2017-13099 CVE-2016-6883 CVE-2012-5081 CVE-2017-6168","CWE-203"
"secure_renego","mesdroitssociaux.gouv.fr/81.80.42.167","443","OK","supported","","CWE-310"
"secure_client_renego","mesdroitssociaux.gouv.fr/81.80.42.167","443","OK","not vulnerable","CVE-2011-1473","CWE-310"
"CRIME_TLS","mesdroitssociaux.gouv.fr/81.80.42.167","443","OK","not vulnerable","CVE-2012-4929","CWE-310"
"BREACH","mesdroitssociaux.gouv.fr/81.80.42.167","443","OK","not vulnerable, no gzip/deflate/compress/br HTTP compression  - only supplied '/' tested","CVE-2013-3587","CWE-310"
"POODLE_SSL","mesdroitssociaux.gouv.fr/81.80.42.167","443","OK","not vulnerable, no SSLv3","CVE-2014-3566","CWE-310"
"fallback_SCSV","mesdroitssociaux.gouv.fr/81.80.42.167","443","OK","no protocol below TLS 1.2 offered","",""
"SWEET32","mesdroitssociaux.gouv.fr/81.80.42.167","443","OK","not vulnerable","CVE-2016-2183 CVE-2016-6329","CWE-327"
"FREAK","mesdroitssociaux.gouv.fr/81.80.42.167","443","OK","not vulnerable","CVE-2015-0204","CWE-310"
"DROWN","mesdroitssociaux.gouv.fr/81.80.42.167","443","OK","not vulnerable on this host and port","CVE-2016-0800 CVE-2016-0703","CWE-310"
"DROWN_hint","mesdroitssociaux.gouv.fr/81.80.42.167","443","INFO","Make sure you don't use this certificate elsewhere with SSLv2 enabled services, see https://search.censys.io/search?resource=hosts&virtual_hosts=INCLUDE&q=6665889BEE3970C423FCF0EB92EDAF8774612DFE19E20DC08788E2A1DE87FF4A","CVE-2016-0800 CVE-2016-0703","CWE-310"
"LOGJAM-common_primes","mesdroitssociaux.gouv.fr/81.80.42.167","443","INFO","RFC3526/Oakley Group 14","CVE-2015-4000","CWE-310"
"LOGJAM","mesdroitssociaux.gouv.fr/81.80.42.167","443","OK","not vulnerable, no DH EXPORT ciphers,","CVE-2015-4000","CWE-310"
"BEAST","mesdroitssociaux.gouv.fr/81.80.42.167","443","OK","not vulnerable, no SSL3 or TLS1","CVE-2011-3389","CWE-20"
"LUCKY13","mesdroitssociaux.gouv.fr/81.80.42.167","443","OK","not vulnerable","CVE-2013-0169","CWE-310"
"winshock","mesdroitssociaux.gouv.fr/81.80.42.167","443","OK","not vulnerable","CVE-2014-6321","CWE-94"
"RC4","mesdroitssociaux.gouv.fr/81.80.42.167","443","OK","not vulnerable","CVE-2013-2566 CVE-2015-2808","CWE-310"
"clientsimulation-android_60","mesdroitssociaux.gouv.fr/81.80.42.167","443","INFO","TLSv1.2 ECDHE-RSA-AES128-GCM-SHA256","",""
"clientsimulation-android_70","mesdroitssociaux.gouv.fr/81.80.42.167","443","INFO","TLSv1.2 ECDHE-RSA-AES128-GCM-SHA256","",""
"clientsimulation-android_81","mesdroitssociaux.gouv.fr/81.80.42.167","443","INFO","TLSv1.2 ECDHE-RSA-AES128-GCM-SHA256","",""
"clientsimulation-android_90","mesdroitssociaux.gouv.fr/81.80.42.167","443","INFO","TLSv1.3 TLS_AES_256_GCM_SHA384","",""
"clientsimulation-android_X","mesdroitssociaux.gouv.fr/81.80.42.167","443","INFO","TLSv1.3 TLS_AES_256_GCM_SHA384","",""
"clientsimulation-android_11","mesdroitssociaux.gouv.fr/81.80.42.167","443","INFO","TLSv1.3 TLS_AES_256_GCM_SHA384","",""
"clientsimulation-android_12","mesdroitssociaux.gouv.fr/81.80.42.167","443","INFO","TLSv1.3 TLS_AES_256_GCM_SHA384","",""
"clientsimulation-chrome_79_win10","mesdroitssociaux.gouv.fr/81.80.42.167","443","INFO","TLSv1.3 TLS_AES_256_GCM_SHA384","",""
"clientsimulation-chrome_101_win10","mesdroitssociaux.gouv.fr/81.80.42.167","443","INFO","TLSv1.3 TLS_AES_256_GCM_SHA384","",""
"clientsimulation-firefox_66_win81","mesdroitssociaux.gouv.fr/81.80.42.167","443","INFO","TLSv1.3 TLS_AES_256_GCM_SHA384","",""
"clientsimulation-firefox_100_win10","mesdroitssociaux.gouv.fr/81.80.42.167","443","INFO","TLSv1.3 TLS_AES_256_GCM_SHA384","",""
"clientsimulation-ie_6_xp","mesdroitssociaux.gouv.fr/81.80.42.167","443","INFO","No connection","",""
"clientsimulation-ie_8_win7","mesdroitssociaux.gouv.fr/81.80.42.167","443","INFO","No connection","",""
"clientsimulation-ie_8_xp","mesdroitssociaux.gouv.fr/81.80.42.167","443","INFO","No connection","",""
"clientsimulation-ie_11_win7","mesdroitssociaux.gouv.fr/81.80.42.167","443","INFO","TLSv1.2 DHE-RSA-AES128-GCM-SHA256","",""
"clientsimulation-ie_11_win81","mesdroitssociaux.gouv.fr/81.80.42.167","443","INFO","TLSv1.2 DHE-RSA-AES128-GCM-SHA256","",""
"clientsimulation-ie_11_winphone81","mesdroitssociaux.gouv.fr/81.80.42.167","443","INFO","No connection","",""
"clientsimulation-ie_11_win10","mesdroitssociaux.gouv.fr/81.80.42.167","443","INFO","TLSv1.2 ECDHE-RSA-AES128-GCM-SHA256","",""
"clientsimulation-edge_15_win10","mesdroitssociaux.gouv.fr/81.80.42.167","443","INFO","TLSv1.2 ECDHE-RSA-AES128-GCM-SHA256","",""
"clientsimulation-edge_101_win10_21h2","mesdroitssociaux.gouv.fr/81.80.42.167","443","INFO","TLSv1.3 TLS_AES_256_GCM_SHA384","",""
"clientsimulation-safari_121_ios_122","mesdroitssociaux.gouv.fr/81.80.42.167","443","INFO","TLSv1.3 TLS_AES_256_GCM_SHA384","",""
"clientsimulation-safari_130_osx_10146","mesdroitssociaux.gouv.fr/81.80.42.167","443","INFO","TLSv1.3 TLS_AES_256_GCM_SHA384","",""
"clientsimulation-safari_154_osx_1231","mesdroitssociaux.gouv.fr/81.80.42.167","443","INFO","TLSv1.3 TLS_AES_256_GCM_SHA384","",""
"clientsimulation-java_7u25","mesdroitssociaux.gouv.fr/81.80.42.167","443","INFO","No connection","",""
"clientsimulation-java_8u161","mesdroitssociaux.gouv.fr/81.80.42.167","443","INFO","TLSv1.2 ECDHE-RSA-AES128-GCM-SHA256","",""
"clientsimulation-java1102","mesdroitssociaux.gouv.fr/81.80.42.167","443","INFO","TLSv1.3 TLS_AES_256_GCM_SHA384","",""
"clientsimulation-java1703","mesdroitssociaux.gouv.fr/81.80.42.167","443","INFO","TLSv1.3 TLS_AES_256_GCM_SHA384","",""
"clientsimulation-go_1178","mesdroitssociaux.gouv.fr/81.80.42.167","443","INFO","TLSv1.3 TLS_AES_256_GCM_SHA384","",""
"clientsimulation-libressl_283","mesdroitssociaux.gouv.fr/81.80.42.167","443","INFO","TLSv1.2 ECDHE-RSA-AES128-GCM-SHA256","",""
"clientsimulation-openssl_102e","mesdroitssociaux.gouv.fr/81.80.42.167","443","INFO","TLSv1.2 ECDHE-RSA-AES128-GCM-SHA256","",""
"clientsimulation-openssl_110l","mesdroitssociaux.gouv.fr/81.80.42.167","443","INFO","TLSv1.2 ECDHE-RSA-AES128-GCM-SHA256","",""
"clientsimulation-openssl_111d","mesdroitssociaux.gouv.fr/81.80.42.167","443","INFO","TLSv1.3 TLS_AES_256_GCM_SHA384","",""
"clientsimulation-openssl_303","mesdroitssociaux.gouv.fr/81.80.42.167","443","INFO","TLSv1.3 TLS_AES_256_GCM_SHA384","",""
"clientsimulation-apple_mail_16_0","mesdroitssociaux.gouv.fr/81.80.42.167","443","INFO","TLSv1.2 ECDHE-RSA-AES128-GCM-SHA256","",""
"clientsimulation-thunderbird_91_9","mesdroitssociaux.gouv.fr/81.80.42.167","443","INFO","TLSv1.3 TLS_AES_256_GCM_SHA384","",""
"rating_spec","mesdroitssociaux.gouv.fr/81.80.42.167","443","INFO","SSL Labs's 'SSL Server Rating Guide' (version 2009q from 2020-01-30)","",""
"rating_doc","mesdroitssociaux.gouv.fr/81.80.42.167","443","INFO","https://github.com/ssllabs/research/wiki/SSL-Server-Rating-Guide","",""
"protocol_support_score","mesdroitssociaux.gouv.fr/81.80.42.167","443","INFO","100","",""
"protocol_support_score_weighted","mesdroitssociaux.gouv.fr/81.80.42.167","443","INFO","30","",""
"key_exchange_score","mesdroitssociaux.gouv.fr/81.80.42.167","443","INFO","90","",""
"key_exchange_score_weighted","mesdroitssociaux.gouv.fr/81.80.42.167","443","INFO","27","",""
"cipher_strength_score","mesdroitssociaux.gouv.fr/81.80.42.167","443","INFO","60","",""
"cipher_strength_score_weighted","mesdroitssociaux.gouv.fr/81.80.42.167","443","INFO","24","",""
"final_score","mesdroitssociaux.gouv.fr/81.80.42.167","443","INFO","81","",""
"overall_grade","mesdroitssociaux.gouv.fr/81.80.42.167","443","OK","A","",""
"grade_cap_reason_1","mesdroitssociaux.gouv.fr/81.80.42.167","443","INFO","Grade capped to A. HSTS is not offered","",""
